{
    "play_outcomes_individual": {
        "defensive_touchdown": {
            "naive": {
                "train": 0.0020824620367455213,
                "val": 0.001412877503479344
            },
            "logit_basic": {
                "train": 0.0020803716822818,
                "val": 0.001412675058453305
            },
            "logit_advanced": {
                "train": 0.002080374005890396,
                "val": 0.0014127077313519226
            },
            "mlp": {
                "train": 0.0020807049906160003,
                "val": 0.0014119307928415646
            },
            "rf": {
                "train": 0.0019857504521101437,
                "val": 0.0014130853215569168
            }
        },
        "field_goal_made": {
            "naive": {
                "train": 0.05426254943135172,
                "val": 0.05422882546579884
            },
            "logit_basic": {
                "train": 0.0035667412489022777,
                "val": 0.003383604969090972
            },
            "logit_advanced": {
                "train": 0.0034959628288704133,
                "val": 0.0033039164611099897
            },
            "mlp": {
                "train": 0.0032408310624112134,
                "val": 0.003051555229924094
            },
            "rf": {
                "train": 0.0018387042684006897,
                "val": 0.0031160062456111236
            }
        },
        "first_down": {
            "naive": {
                "train": 0.17518191873344097,
                "val": 0.18664748986957722
            },
            "logit_basic": {
                "train": 0.15278637429372352,
                "val": 0.1609915799301664
            },
            "logit_advanced": {
                "train": 0.15215201180871998,
                "val": 0.16003891093209327
            },
            "mlp": {
                "train": 0.14770052220657937,
                "val": 0.1549131990025805
            },
            "rf": {
                "train": 0.14284405639368805,
                "val": 0.15555049837350673
            }
        },
        "none": {
            "naive": {
                "train": 0.2115528585475963,
                "val": 0.2208950873812202
            },
            "logit_basic": {
                "train": 0.18179142252904276,
                "val": 0.1882660040843604
            },
            "logit_advanced": {
                "train": 0.18137397473148226,
                "val": 0.18773244495251706
            },
            "mlp": {
                "train": 0.17813977598361394,
                "val": 0.1846804101732109
            },
            "rf": {
                "train": 0.1688164360498926,
                "val": 0.18537862388344648
            }
        },
        "offensive_touchdown": {
            "naive": {
                "train": 0.03268591672687983,
                "val": 0.037965842758060274
            },
            "logit_basic": {
                "train": 0.02706995317991019,
                "val": 0.030568098330300417
            },
            "logit_advanced": {
                "train": 0.02686386678187804,
                "val": 0.03027582195495781
            },
            "mlp": {
                "train": 0.026143055393385,
                "val": 0.029256654393150103
            },
            "rf": {
                "train": 0.02318690487496998,
                "val": 0.029241468119835377
            }
        },
        "turnover": {
            "naive": {
                "train": 0.023420971003426133,
                "val": 0.021827410566273117
            },
            "logit_basic": {
                "train": 0.018321262712269477,
                "val": 0.016467372033569405
            },
            "logit_advanced": {
                "train": 0.018315424583098646,
                "val": 0.016467664293107028
            },
            "mlp": {
                "train": 0.018300419217849626,
                "val": 0.01644709699891649
            },
            "rf": {
                "train": 0.017298123593169477,
                "val": 0.016461855911033562
            }
        }
    },
    "drive_outcomes_individual": {
        "clock": {
            "naive": {
                "train": 0.030504935253798215,
                "val": 0.0333011581161469
            },
            "logit_basic": {
                "train": 0.02045586984343058,
                "val": 0.022733171245390718
            },
            "logit_advanced": {
                "train": 0.020183102657104632,
                "val": 0.022403719821068202
            },
            "mlp": {
                "train": 0.01463771222543507,
                "val": 0.01662484192216562
            },
            "rf": {
                "train": 0.010848849337292675,
                "val": 0.017067116664983183
            }
        },
        "field_goal_made": {
            "naive": {
                "train": 0.16052377122188527,
                "val": 0.1616175921163128
            },
            "logit_basic": {
                "train": 0.13600789593824195,
                "val": 0.14189328673314835
            },
            "logit_advanced": {
                "train": 0.13445739981259652,
                "val": 0.1402902996895716
            },
            "mlp": {
                "train": 0.1287074228838387,
                "val": 0.13427407537905475
            },
            "rf": {
                "train": 0.12024944569294897,
                "val": 0.13485652340469886
            }
        },
        "field_goal_missed": {
            "naive": {
                "train": 0.03375106680049908,
                "val": 0.032747353974916106
            },
            "logit_basic": {
                "train": 0.033039142158226203,
                "val": 0.03220193735955227
            },
            "logit_advanced": {
                "train": 0.032769766546791396,
                "val": 0.0319857728851167
            },
            "mlp": {
                "train": 0.03205704300304093,
                "val": 0.03133647709529231
            },
            "rf": {
                "train": 0.028912519246069867,
                "val": 0.03129421202773391
            }
        },
        "punt": {
            "naive": {
                "train": 0.22757084992928822,
                "val": 0.20538467362129506
            },
            "logit_basic": {
                "train": 0.14502992205631718,
                "val": 0.1323560260269785
            },
            "logit_advanced": {
                "train": 0.14268057212087143,
                "val": 0.13066081124184212
            },
            "mlp": {
                "train": 0.13638175406512432,
                "val": 0.1258426371946767
            },
            "rf": {
                "train": 0.13114239610615494,
                "val": 0.12820981245446367
            }
        },
        "safety": {
            "naive": {
                "train": 0.0010132676783910276,
                "val": 0.0015991547703146187
            },
            "logit_basic": {
                "train": 0.000996381687559311,
                "val": 0.0015767103023409204
            },
            "logit_advanced": {
                "train": 0.0010000549039515495,
                "val": 0.001580919970105099
            },
            "mlp": {
                "train": 0.0009880714231320401,
                "val": 0.0015722490761585987
            },
            "rf": {
                "train": 0.0009094624679662884,
                "val": 0.001579587769716521
            }
        },
        "touch_down": {
            "naive": {
                "train": 0.18400511224355787,
                "val": 0.21477936537685938
            },
            "logit_basic": {
                "train": 0.15772419637437118,
                "val": 0.18108670540152627
            },
            "logit_advanced": {
                "train": 0.15704340168113423,