{"play_outcomes_individual": {"defensive_touchdown": {"naive": {"train": 0.0020824620367455213, "val": 0.001412877503479344}, "logit_basic": {"train": 0.0020803657531941965, "val": 0.001412710959935325}, "logit_advanced": {"train": 0.0020801294419458636, "val": 0.0014127706034806921}, "mlp": {"train": 0.002080663759173748, "val": 0.0014119277818406201}, "rf": {"train": 0.0019805688374137345, "val": 0.001413148426401264}}, "field_goal_made": {"naive": {"train": 0.05426254943135172, "val": 0.05422882546579884}, "logit_basic": {"train": 0.0035642473352178166, "val": 0.0033807987515450093}, "logit_advanced": {"train": 0.003427788835851099, "val": 0.003252535361704701}, "mlp": {"train": 0.0032368640081308223, "val": 0.003052284804724596}, "rf": {"train": 0.0018388086706144183, "val": 0.003116234988890397}}, "first_down": {"naive": {"train": 0.17518191873344097, "val": 0.18664748986957722}, "logit_basic": {"train": 0.15277868278643483, "val": 0.1609606176209309}, "logit_advanced": {"train": 0.1497713991780933, "val": 0.15727591334613253}, "mlp": {"train": 0.14770017965257168, "val": 0.15490846516181048}, "rf": {"train": 0.14267032080270878, "val": 0.1555585505691004}}, "none": {"naive": {"train": 0.2115528585475963, "val": 0.2208950873812202}, "logit_basic": {"train": 0.1817951408716515, "val": 0.18825742891680003}, "logit_advanced": {"train": 0.17998820753822595, "val": 0.18631758358893047}, "mlp": {"train": 0.17814253104131195, "val": 0.18468861660911384}, "rf": {"train": 0.16857406905070715, "val": 0.18538573987810378}}, "offensive_touchdown": {"naive": {"train": 0.03268591672687983, "val": 0.037965842758060274}, "logit_basic": {"train": 0.02706273400820045, "val": 0.03055925241653223}, "logit_advanced": {"train": 0.026442993592690145, "val": 0.02966484037845458}, "mlp": {"train": 0.026142457000812698, "val": 0.0292572191788474}, "rf": {"train": 0.02315986622642701, "val": 0.02924019149623119}}, "turnover": {"naive": {"train": 0.023420971003426133, "val": 0.021827410566273117}, "logit_basic": {"train": 0.018321282273171646, "val": 0.016467349672652395}, "logit_advanced": {"train": 0.018312255906305266, "val": 0.016464152302294914}, "mlp": {"train": 0.018300646445479386, "val": 0.01644725966619371}, "rf": {"train": 0.017253456206844858, "val": 0.016461961800698487}}}, "drive_outcomes_individual": {"clock": {"naive": {"train": 0.030504935253798215, "val": 0.0333011581161469}, "logit_basic": {"train": 0.020449406902669116, "val": 0.022717983218648617}, "logit_advanced": {"train": 0.020122464420077018, "val": 0.022409643149768434}, "mlp": {"train": 0.014610288797186023, "val": 0.016624723039152425}, "rf": {"train": 0.010711154011821157, "val": 0.017092000643736692}}, "field_goal_made": {"naive": {"train": 0.16052377122188527, "val": 0.1616175921163128}, "logit_basic": {"train": 0.1359769008302823, "val": 0.14188561981809264}, "logit_advanced": {"train": 0.13344235386217776, "val": 0.13944125248467215}, "mlp": {"train": 0.12870050315789874, "val": 0.13427887420347442}, "rf": {"train": 0.12011789873883937, "val": 0.1348625556472183}}, "field_goal_missed": {"naive": {"train": 0.03375106680049908, "val": 0.032747353974916106}, "logit_basic": {"train": 0.03303790039922548, "val": 0.03220160756454972}, "logit_advanced": {"train": 0.03252045021098066, "val": 0.031732360287121585}, "mlp": {"train": 0.03205067088885736, "val": 0.0313361145879154}, "rf": {"train": 0.02887475634432054, "val": 0.03129665141278229}}, "punt": {"naive": {"train": 0.22757084992928822, "val": 0.20538467362129506}, "logit_basic": {"train": 0.14488663665305795, "val": 0.132550860412438}, "logit_advanced": {"train": 0.14123389136796588, "val": 0.13002652957542962}, "mlp": {"train": 0.13630973998135476, "val": 0.1260156599112345}, "rf": {"train": 0.13068824100120027, "val": 0.12839360259216678}}, "safety": {"naive": {"train": 0.0010132676783910276, "val": 0.0015991547703146187}, "logit_basic": {"train": 0.0009950240401276705, "val": 0.0015740599837152085}, "logit_advanced": {"train": 0.000986172639226402, "val": 0.0015559981051881102}, "mlp": {"train": 0.0009859828973081974, "val": 0.0015683657624345497}, "rf": {"train": 0.0008942729273864779, "val": 0.0015794899447250873}}, "touch_down": {"naive": {"train": 0.18400511224355787, "val": 0.21477936537685938}, "logit_basic": {"train": 0.15766318421645864, "val": 0.18114133432461083}, "logit_advanced": {"train": 0.1555150178528201, "val": 0.1785679778710934}, "mlp": {"train": 0.1516933362848826, "val": 0.17326492796804738}, "rf": {"train": 0.1434794881858277, "val": 0.17664419194722186}}, "turnover": {"naive": {"train": 0.08258286908217369, "val": 0.07701387705101166}, "logit_basic": {"train": 0.08103529712287406, "val": 0.0757337377047143}, "logit_advanced": {"train": 0.08094172502101271, "val": 0.07575078962541856}, "mlp": {"train": 0.07965465099103385, "val": 0.07531034775651996}, "rf": {"train": 0.07497587848857981, "val": 0.07550208259064933}}, "turnover_on_downs": {"naive": {"train": 0.04557599359196318, "val": 0.05496089812589234}, "logit_basic": {"train": 0.042804050693940304, "val": 0.0527281147917894}, "logit_advanced": {"train": 0.04109422747813467, "val": 0.050967164304417806}, "mlp": {"train": 0.03921052579903542, "val": 0.05021503272974927}, "rf": {"train": 0.034145843320943704, "val": 0.049656677675031284}}}}