{"play_outcome": {"naive": {"train": 1.0529940208133057, "val": 1.0875089735147547}, "search_mlp": {"train": 0.6507477479689494, "val": 0.6677612967389255}, "search_rf": {"train": 0.6255656319204047, "val": 0.667691077960303}}, "drive_outcome": {"naive": {"train": 1.6301569289552873, "val": 1.673392496144248}, "search_mlp": {"train": 1.1613330372952464, "val": 1.2320921246879841}, "search_rf": {"train": 1.133283419827847, "val": 1.2621166045959562}}, "play_outcomes_individual": {"field_goal_made": {"naive": {"train": 0.25571333688745895, "val": 0.2556352968382287}, "search_mlp": {"train": 0.010409347540207798, "val": 0.010289568943374076}, "search_rf": {"train": 0.007963545087512255, "val": 0.010438024405184931}}, "field_goal_missed": {"naive": {"train": 0.050167131774676556, "val": 0.04932466480213828}, "search_mlp": {"train": 0.010410206572364194, "val": 0.010287391438761949}, "search_rf": {"train": 0.007757950562607673, "val": 0.010162747852326591}}, "first_down": {"naive": {"train": 0.5347586053399055, "val": 0.5609168905652504}, "search_mlp": {"train": 0.4517705265225162, "val": 0.469864767353003}, "search_rf": {"train": 0.4418885369102298, "val": 0.47014677940994554}}, "none": {"naive": {"train": 0.6176931560118101, "val": 0.6370119102864882}, "search_mlp": {"train": 0.523301535204106, "val": 0.5398779425104719}, "search_rf": {"train": 0.508322315590281, "val": 0.5395956627951699}}, "offensive_touchdown": {"naive": {"train": 0.14769336444189374, "val": 0.1667373305590226}, "search_mlp": {"train": 0.10103366874541944, "val": 0.11014437576705258}, "search_rf": {"train": 0.0949659371677016, "val": 0.11113873858485669}}, "turnover": {"naive": {"train": 0.14354309565460596, "val": 0.1372160916225211}, "search_mlp": {"train": 0.09970118565059888, "val": 0.09067934689725458}, "search_rf": {"train": 0.09344605656069396, "val": 0.08934007292752075}}}, "drive_outcomes_individual": {"clock": {"naive": {"train": 0.13990773773325663, "val": 0.15013678424756816}, "search_mlp": {"train": 0.04432693340068656, "val": 0.05381416320445869}, "search_rf": {"train": 0.045088078668016895, "val": 0.06148649701805696}}, "field_goal_made": {"naive": {"train": 0.5016106044192858, "val": 0.5041417965567068}, "search_mlp": {"train": 0.40222977000752685, "val": 0.423170719806718}, "search_rf": {"train": 0.391531311347562, "val": 0.42567109582909624}}, "field_goal_missed": {"naive": {"train": 0.15162887892650567, "val": 0.14805056275070716}, "search_mlp": {"train": 0.13460844288552015, "val": 0.1342998671632124}, "search_rf": {"train": 0.12470253582480663, "val": 0.13371915616537322}}, "punt": {"naive": {"train": 0.6474157935443244, "val": 0.604296241175755}, "search_mlp": {"train": 0.39409283216000446, "val": 0.3692450418479769}, "search_rf": {"train": 0.39746639129903333, "val": 0.38470657050900475}}, "safety": {"naive": {"train": 0.00800589523444804, "val": 0.012052302264824026}, "search_mlp": {"train": 0.005448675452067027, "val": 0.00761903092477562}, "search_rf": {"train": 0.005139625859662952, "val": 0.00915068820843986}}, "touch_down": {"naive": {"train": 0.5545096889233664, "val": 0.6245787928696275}, "search_mlp": {"train": 0.45697313757528113, "val": 0.5123804087412739}, "search_rf": {"train": 0.4485432468937652, "val": 0.5206456702566614}}, "turnover": {"naive": {"train": 0.3044588950671309, "val": 0.28882470612439437}, "search_mlp": {"train": 0.2828617585086098, "val": 0.27431142195291786}, "search_rf": {"train": 0.27296252159589357, "val": 0.27542949781329823}}, "turnover_on_downs": {"naive": {"train": 0.19217200827482175, "val": 0.22335418616937439}, "search_mlp": {"train": 0.1468815476926967, "val": 0.1900178241062278}, "search_rf": {"train": 0.1406853205405661, "val": 0.1916575353604967}}}}