{
    "play_outcome": {
        "naive": {
            "train": 1.0206080294238178,
            "val": 1.0531032256689228
        },
        "logit_basic": {
            "train": 0.6763298773438889,
            "val": 0.6922115312042671
        },
        "logit_advanced": {
            "train": 0.6733844131213804,
            "val": 0.6887156781955331
        },
        "mlp": {
            "train": 0.6539718586622332,
            "val": 0.6677914719912885
        },
        "rf": {
            "train": 0.613764414911186,
            "val": 0.6720034410992968
        }
    },
    "drive_outcome": {
        "naive": {
            "train": 1.630450343237098,
            "val": 1.6693800068441635
        },
        "logit_basic": {
            "train": 1.2704429063381009,
            "val": 1.3239976272243754
        },
        "logit_advanced": {
            "train": 1.2557204559858755,
            "val": 1.3095806227647717
        },
        "mlp": {
            "train": 1.178019247789332,
            "val": 1.2415540488419592
        },
        "rf": {
            "train": 1.0956338096443727,
            "val": 1.257814319046938
        }
    },
    "play_outcomes_individual": {
        "defensive_touchdown": {
            "naive": {
                "train": 0.014966703275852429,
                "val": 0.010788795773799506
            },
            "logit_basic": {
                "train": 0.014495135965447478,
                "val": 0.010602279024511102
            },
            "logit_advanced": {
                "train": 0.014487101486181621,
                "val": 0.010646222861149555
            },
            "mlp": {
                "train": 0.014555510136124845,
                "val": 0.010495055389765676
            },
            "rf": {
                "train": 0.011785674217286447,
                "val": 0.010567360624501468
            }
        },
        "field_goal_made": {
            "naive": {
                "train": 0.25656791627044534,
                "val": 0.25649014685314564
            },
            "logit_basic": {
                "train": 0.011673454450263888,
                "val": 0.011259485543726733
            },
            "logit_advanced": {
                "train": 0.011402674054731192,
                "val": 0.01092207727345889
            },
            "mlp": {
                "train": 0.010379414422479236,
                "val": 0.00991528445929299
            },
            "rf": {
                "train": 0.006633282387541005,
                "val": 0.010448048213036909
            }
        },
        "first_down": {
            "naive": {
                "train": 0.5349801846607872,
                "val": 0.560666288969635
            },
            "logit_basic": {
                "train": 0.4673086913038009,
                "val": 0.4884065035394567
            },
            "logit_advanced": {
                "train": 0.4654626120429053,
                "val": 0.4856410224657435
            },
            "mlp": {
                "train": 0.449224762423198,
                "val": 0.467659471381037
            },
            "rf": {
                "train": 0.43673599193925033,
                "val": 0.4696611807356023
            }
        },
        "none": {
            "naive": {
                "train": 0.614151285833179,
                "val": 0.6338628833185904
            },
            "logit_basic": {
                "train": 0.5413793464999263,
                "val": 0.5569009467873428
            },
            "logit_advanced": {
                "train": 0.5402144419620878,
                "val": 0.5554856130097423
            },
            "mlp": {
                "train": 0.5314568143465062,
                "val": 0.547482127928123
            },
            "rf": {
                "train": 0.5073355538083498,
                "val": 0.5496045937840551
            }
        },
        "offensive_touchdown": {
            "naive": {
                "train": 0.14781884287491273,
                "val": 0.1667232425567716
            },
            "logit_basic": {
                "train": 0.10546221248135533,
                "val": 0.11409396019406698
            },
            "logit_advanced": {
                "train": 0.1044200958617474,
                "val": 0.11317827175727616
            },
            "mlp": {
                "train": 0.10124552955804757,
                "val": 0.10973277105593872
            },
            "rf": {
                "train": 0.09019087070582019,
                "val": 0.11109773333064621
            }
        },
        "turnover": {
            "naive": {
                "train": 0.13741563133805176,
                "val": 0.13291602592349844
            },
            "logit_basic": {
                "train": 0.09143508026110615,
                "val": 0.08399948400119904
            },
            "logit_advanced": {
                "train": 0.09134340652016618,
                "val": 0.08398022169518829
            },
            "mlp": {
                "train": 0.09100810661219375,
                "val": 0.08344146445360515
            },
            "rf": {
                "train": 0.0810097609152986,
                "val": 0.08375297620307866
            }
        }
    },
    "drive_outcomes_individual": {
        "clock": {
            "naive": {
                "train": 0.13990879392545086,
                "val": 0.15011302606897162
            },
            "logit_basic": {
                "train": 0.0666083105297359,
                "val": 0.07359586641204845
            },
            "logit_advanced": {
                "train": 0.06601993494429723,
                "val": 0.0728465347857471
            },
            "mlp": {
                "train": 0.0489881844567278,
                "val": 0.05775534608644252
            },
            "rf": {
                "train": 0.040605049405544616,
                "val": 0.060264928131218976
            }
        },
        "field_goal_made": {
            "naive": {
                "train": 0.5016124466139354,
                "val": 0.5041348609325214
            },
            "logit_basic": {
                "train": 0.4281442026670789,
                "val": 0.44666718844405773
            },
            "logit_advanced": {
                "train": 0.42356602731062204,
                "val": 0.44191192193561973
            },
            "mlp": {
                "train": 0.40521360818665647,
                "val": 0.42336201808824186
            },
            "rf": {
                "train": 0.382094625802964,
                "val": 0.42500977028146497
            }
        },
        "field_goal_missed": {
            "naive": {
                "train": 0.15162986615682245,
                "val": 0.14804329039722655
            },
            "logit_basic": {
                "train": 0.1431328285153613,
                "val": 0.14142798710738858
            },
            "logit_advanced": {
                "train": 0.141569814691198,
                "val": 0.14014601248366876
            },
            "mlp": {
                "train": 0.1349316269544529,
                "val": 0.13365334179403016
            },
            "rf": {
                "train": 0.11953097946332253,
                "val": 0.13358256473116914
            }
        },
        "punt": {
            "naive": {
                "train": 0.6476059600646357,
                "val": 0.6016333474795493
            },
            "logit_basic": {
                "train": 0.42922352050067186,
                "val": 0.3976212630271265
            },
            "logit_advanced": {
                "train": 0.42291855896952757,
                "val": 0.39268138715918477
            },
            "mlp": {
                "train": 0.399678769069393,
                "val": 0.3725622615584056
            },
            "rf": {
                "train": 0.3892286208132664,