{
    "play_outcome": {
        "naive": {
            "train": 1.0206080294238178,
            "val": 1.0531032256689228
        },
        "logit_basic": {
            "train": 0.6763034465694193,
            "val": 0.692089811582345
        },
        "logit_advanced": {
            "train": 0.6635109890558156,
            "val": 0.6784972983503682
        },
        "mlp": {
            "train": 0.6539601324610983,
            "val": 0.6677745920522882
        },
        "rf": {
            "train": 0.6127143431844501,
            "val": 0.6719722999894322
        },
        "search_rf": {
            "train": 0.6255809180049995,
            "val": 0.6724086624543749
        },
        "search_cb": {
            "train": 1.316941875619261,
            "val": 1.3388926349945192
        }
    },
    "drive_outcome": {
        "naive": {
            "train": 1.630450343237098,
            "val": 1.6693800068441635
        },
        "logit_basic": {
            "train": 1.270121810523598,
            "val": 1.3244948328354602
        },
        "logit_advanced": {
            "train": 1.2421164775684128,
            "val": 1.2970291735366652
        },
        "mlp": {
            "train": 1.1777543520632021,
            "val": 1.2420012120421586
        },
        "rf": {
            "train": 1.0927550034514677,
            "val": 1.2583682247775334
        }
    },
    "play_outcomes_individual": {
        "defensive_touchdown": {
            "naive": {
                "train": 0.014966703275852429,
                "val": 0.010788795773799506
            },
            "logit_basic": {
                "train": 0.014494862898441832,
                "val": 0.010607290213117744
            },
            "logit_advanced": {
                "train": 0.014450168213274647,
                "val": 0.010643875205699151
            },
            "mlp": {
                "train": 0.014547050382329684,
                "val": 0.010493540006113931
            },
            "rf": {
                "train": 0.011697343163251136,
                "val": 0.010575790281093586
            },
            "search_rf": {
                "train": 0.012522553322342258,
                "val": 0.010563037226682885
            },
            "search_cb": {
                "train": 0.17632257141759533,
                "val": 0.16760208189084908
            }
        },
        "field_goal_made": {
            "naive": {
                "train": 0.25656791627044534,
                "val": 0.25649014685314564
            },
            "logit_basic": {
                "train": 0.0116635449348796,
                "val": 0.011249198548693039
            },
            "logit_advanced": {
                "train": 0.011125278382484173,
                "val": 0.010709746927116496
            },
            "mlp": {
                "train": 0.010366620615710325,
                "val": 0.00991717125560841
            },
            "rf": {
                "train": 0.006633530045109504,
                "val": 0.010448448129730385
            },
            "search_rf": {
                "train": 0.007228431044893623,
                "val": 0.010508359304032917
            },
            "search_cb": {
                "train": 0.01978422788205346,
                "val": 0.01885055116839593
            }
        },
        "first_down": {
            "naive": {
                "train": 0.5349801846607872,
                "val": 0.560666288969635
            },
            "logit_basic": {
                "train": 0.46728434042561157,
                "val": 0.4883227103962271
            },
            "logit_advanced": {
                "train": 0.45723990745301984,
                "val": 0.47650496371522216
            },
            "mlp": {
                "train": 0.44922466321580073,
                "val": 0.4676378461621778
            },
            "rf": {
                "train": 0.43625816941276124,
                "val": 0.4696724178545502
            },
            "search_rf": {
                "train": 0.44068662143001786,
                "val": 0.4700022049767357
            },
            "search_cb": {
                "train": 0.4614694968430087,
                "val": 0.48686409950452075
            }
        },
        "none": {
            "naive": {
                "train": 0.614151285833179,
                "val": 0.6338628833185904
            },
            "logit_basic": {
                "train": 0.5413779377976378,
                "val": 0.5568721345822009
            },
            "logit_advanced": {
                "train": 0.5364900132923818,
                "val": 0.5519012956566518
            },
            "mlp": {
                "train": 0.5314615672786437,
                "val": 0.5475052713510931
            },
            "rf": {
                "train": 0.5066419119113785,
                "val": 0.5495842183681778
            },
            "search_rf": {
                "train": 0.5129832213984974,
                "val": 0.549560206174951
            },
            "search_cb": {
                "train": 1.041961608498771,
                "val": 1.0395708357720645
            }
        },
        "offensive_touchdown": {
            "naive": {
                "train": 0.14781884287491273,
                "val": 0.1667232425567716
            },
            "logit_basic": {
                "train": 0.10545443151940168,
                "val": 0.11403597040893032
            },
            "logit_advanced": {
                "train": 0.10226411120717777,
                "val": 0.11106784806979256
            },
            "mlp": {
                "train": 0.10124503228307259,
                "val": 0.1097268373110361
            },
            "rf": {
                "train": 0.09001486169467234,
                "val": 0.11105425055200016
            },
            "search_rf": {
                "train": 0.09380679860699818,
                "val": 0.11130167592482175
            },
            "search_cb": {
                "train": 0.1886443925403883,
                "val": 0.20822673951193127
            }
        },
        "turnover": {
            "naive": {
                "train": 0.13741563133805176,
                "val": 0.13291602592349844
            },
            "logit_basic": {
                "train": 0.09143526099006753,
                "val": 0.08399903873295958
            },
            "logit_advanced": {
                "train": 0.09129054772800331,
                "val": 0.08393907280463869
            },
            "mlp": {
                "train": 0.0910136572178614,
                "val": 0.08344569037127766
            },
            "rf": {
                "train": 0.08070614338889967,
                "val": 0.08374325746239474
            },
            "search_rf": {
                "train": 0.08420025604704,
                "val": 0.0836241702983075
            },
            "search_cb": {
                "train": 0.25303677257318535,
                "val": 0.25079618662118275
            }
        }
    },
    "drive_outcomes_individual": {
        "clock": {
            "naive": {
                "train": 0.13990879392545086,
                "val": 0.15011302606897162
            },
            "logit_basic": {
                "train": 0.06660337406564125,
                "val": 0.0735586873693622
            },
            "logit_advanced": {
                "train": 0.06585414069370962,
                "val": 0.07283379354186223
            },
            "mlp": {
                "train": 0.04891630604083493,
                "val": 0.057721690264935406
            },
            "rf": {
                "train": 0.0402729416205857,
                "val": 0.06032806942109321
            }
        },
        "field_goal_made": {
            "naive": {
                "train": 0.5016124466139354,
                "val": 0.5041348609325214
            },