{"team_ids": [343, 359, 327, 339, 324, 362, 335, 336, 355, 356, 331, 354, 348, 341, 357, 364, 323, 345, 352, 350, 361, 338, 334, 329, 363, 366, 365, 351, 325, 347, 326, 332], "total_yards_added_offense": [35.65127472758328, 35.9912219626801, 23.9391433765467, 34.00192638138415, 37.96478750671163, 33.00938396305635, 39.369090201242656, 2.824966912761581, 23.10903205398611, -30.480800873052992, 35.51744160566037, 34.810856449058335, 26.416420104075314, 8.669685903420454, 32.737185194300146, -54.463557359003474, -14.923522458331881, -32.37463337459188, -20.391789192943136, -27.998926938287074, 8.22722393123049, 27.29164451110526, -18.383323303054922, 1.1786654374870729, -18.03525658030567, -5.867849393660718, -27.23135406589718, -54.35533638512264, -52.365929441766816, 20.783792662831214, -27.392029339081816, -2.6289851963863837], "total_yards_added_defense": [-17.67839524968788, -20.553422559121703, 20.503828242783424, 14.552295240530718, -42.11036567259515, -23.60721613251219, -8.450368919624193, -11.325424663231363, 9.819351265551617, 12.9509499754631, -6.0840221250849655, 0.742360360815784, -18.211464006821238, -22.473701206112416, 19.56747223899073, -17.299490603771787, 19.83345765947547, -24.363996671350513, 53.53787445916292, -34.71252047080647, 8.95396840359224, 3.4945701588002516, 44.1426989252641, -16.459724959779766, 17.87761275853397, 30.655507751549877, 18.645062104027165, -1.8742866081077842, 45.27225006531431, 18.232979045078864, 8.827511825776597, -2.796341901756352], "home_win_parameters": [0.26055060593581686, 0.010752489778997636, -0.011635938503196564, -0.014540927472522324, 0.007125572669258621], "tie_parameters": [-6.010021690751618, -0.010178166351872627, -0.015830005908067643, -0.004909104402674348, 0.007976877617766047], "param_order": ["constant", "total_yards_added_offense_home", "total_yards_added_defense_home", "total_yards_added_offense_away", "total_yards_added_defense_away"]}